chr,start,end,gene,eQTL_rsid,eQTL_FDR,credible_SNP_rsid,SCZ_DEG,SCZ_log2(FC),SCZ_FDR
chr3,52670000,52680000,SPCS1,3:52674201:TCTGG,4.03E-03,x,Downreg,-0.084,0.00014
chr3,52670000,52680000,GLT8D1,3:52674201:TCTGG,4.03E-03,x,Downreg,-0.031,0.008
chr3,17510000,17520000,TBC1D5,rs13058774,1.33E-04,x,Downreg,-0.043,0.0014
chr5,140180000,140190000,PCDHA2,rs3756337,6.2E-05,x,Upreg,0.078,0.008
chr5,140330000,140340000,PCDHA7,5:140330011:AC_A,9.46E-05,x,Upreg,0.14,0.00025
chr5,139750000,139760000,SRA1,rs11749712,6.95E-09,x,Downreg,-0.069,6.32E-05
chr5,137850000,137860000,CDC23,rs154073,2.37E-03,x,Downreg,-0.028,0.0024
chr8,27450000,27460000,EPHX2,rs11777131,5.65E-05,x,Downreg,-0.076,0.0043
chr8,38310000,38320000,FGFR1,rs3758102,9.89E-05,x,Upreg,0.11,8.31E-07
chr15,84260000,84270000,ADAMTSL3,15:84261261:C_CAT,2.03E-03,x,Upreg,0.094,0.00015
chr16,89500000,89510000,SPG7,rs71396916,5.17E-03,x,Downreg,-0.067,1.35E-05
chr18,77580000,77590000,HSBP1L1,18:77588947:CTG_C,2.05E-04,x,Downreg,-0.039,0.032